{
  "Tutorial" : {
    "transaction" : "Tutorial",
    "sampleCount" : 1500,
    "errorCount" : 0,
    "errorPct" : 0.0,
    "meanResTime" : 2936.392666666666,
    "medianResTime" : 1246.0,
    "minResTime" : 125.0,
    "maxResTime" : 197197.0,
    "pct1ResTime" : 5746.000000000003,
    "pct2ResTime" : 8699.200000000004,
    "pct3ResTime" : 21431.480000000003,
    "throughput" : 5.566172514240125,
    "receivedKBytesPerSec" : 173.70589025711078,
    "sentKBytesPerSec" : 1.3426216904465924
  },
  "HomePage" : {
    "transaction" : "HomePage",
    "sampleCount" : 1500,
    "errorCount" : 0,
    "errorPct" : 0.0,
    "meanResTime" : 3505.6653333333397,
    "medianResTime" : 1581.5,
    "minResTime" : 114.0,
    "maxResTime" : 246794.0,
    "pct1ResTime" : 6490.9,
    "pct2ResTime" : 9807.100000000002,
    "pct3ResTime" : 27558.090000000026,
    "throughput" : 5.558726088213277,
    "receivedKBytesPerSec" : 160.2956379518318,
    "sentKBytesPerSec" : 0.6079856658983271
  },
  "Total" : {
    "transaction" : "Total",
    "sampleCount" : 16500,
    "errorCount" : 0,
    "errorPct" : 0.0,
    "meanResTime" : 6280.1895757575685,
    "medianResTime" : 1086.0,
    "minResTime" : 36.0,
    "maxResTime" : 246794.0,
    "pct1ResTime" : 11000.599999999999,
    "pct2ResTime" : 40671.44999999999,
    "pct3ResTime" : 91933.12999999996,
    "throughput" : 60.87707258760764,
    "receivedKBytesPerSec" : 7814.974986642786,
    "sentKBytesPerSec" : 8.409510382308016
  },
  "Tutorial-0" : {
    "transaction" : "Tutorial-0",
    "sampleCount" : 1500,
    "errorCount" : 0,
    "errorPct" : 0.0,
    "meanResTime" : 608.5926666666672,
    "medianResTime" : 461.0,
    "minResTime" : 86.0,
    "maxResTime" : 5500.0,
    "pct1ResTime" : 1279.5000000000005,
    "pct2ResTime" : 1510.7500000000002,
    "pct3ResTime" : 2329.6900000000005,
    "throughput" : 5.567060814572339,
    "receivedKBytesPerSec" : 1.8632691590397934,
    "sentKBytesPerSec" : 0.6523899392076958
  },
  "REPL" : {
    "transaction" : "REPL",
    "sampleCount" : 1500,
    "errorCount" : 0,
    "errorPct" : 0.0,
    "meanResTime" : 1767.2426666666659,
    "medianResTime" : 1164.0,
    "minResTime" : 159.0,
    "maxResTime" : 48867.0,
    "pct1ResTime" : 3344.8,
    "pct2ResTime" : 4872.35,
    "pct3ResTime" : 9708.300000000005,
    "throughput" : 5.586072060329578,
    "receivedKBytesPerSec" : 76.83973792011918,
    "sentKBytesPerSec" : 1.3310562331254074
  },
  "Tutorial-1" : {
    "transaction" : "Tutorial-1",
    "sampleCount" : 1500,
    "errorCount" : 0,
    "errorPct" : 0.0,
    "meanResTime" : 2327.6893333333355,
    "medianResTime" : 607.5,
    "minResTime" : 38.0,
    "maxResTime" : 195617.0,
    "pct1ResTime" : 4991.0,
    "pct2ResTime" : 7618.900000000003,
    "pct3ResTime" : 20761.190000000002,
    "throughput" : 5.567970066592922,
    "receivedKBytesPerSec" : 171.89841374912766,
    "sentKBytesPerSec" : 0.690558787555958
  },
  "Docs" : {
    "transaction" : "Docs",
    "sampleCount" : 1500,
    "errorCount" : 0,
    "errorPct" : 0.0,
    "meanResTime" : 48888.549333333336,
    "medianResTime" : 42825.0,
    "minResTime" : 733.0,
    "maxResTime" : 203872.0,
    "pct1ResTime" : 93474.6,
    "pct2ResTime" : 114157.85,
    "pct3ResTime" : 146310.41,
    "throughput" : 5.553663196244242,
    "receivedKBytesPerSec" : 6536.855218979783,
    "sentKBytesPerSec" : 0.6291259089495431
  },
  "REPL-1" : {
    "transaction" : "REPL-1",
    "sampleCount" : 1500,
    "errorCount" : 0,
    "errorPct" : 0.0,
    "meanResTime" : 1086.6079999999993,
    "medianResTime" : 572.0,
    "minResTime" : 89.0,
    "maxResTime" : 44362.0,
    "pct1ResTime" : 2417.3000000000006,
    "pct2ResTime" : 3596.600000000002,
    "pct3ResTime" : 7951.620000000001,
    "throughput" : 5.590881644762835,
    "receivedKBytesPerSec" : 75.02805923725465,
    "sentKBytesPerSec" : 0.6988602055953544
  },
  "REPL-0" : {
    "transaction" : "REPL-0",
    "sampleCount" : 1500,
    "errorCount" : 0,
    "errorPct" : 0.0,
    "meanResTime" : 680.5733333333343,
    "medianResTime" : 471.5,
    "minResTime" : 54.0,
    "maxResTime" : 15511.0,
    "pct1ResTime" : 1340.000000000001,
    "pct2ResTime" : 1733.95,
    "pct3ResTime" : 3324.5700000000006,
    "throughput" : 5.5881114790986,
    "receivedKBytesPerSec" : 1.8769069430422423,
    "sentKBytesPerSec" : 0.6330282534916383
  },
  "Blog" : {
    "transaction" : "Blog",
    "sampleCount" : 1500,
    "errorCount" : 0,
    "errorPct" : 0.0,
    "meanResTime" : 2093.9200000000014,
    "medianResTime" : 1072.5,
    "minResTime" : 36.0,
    "maxResTime" : 63587.0,
    "pct1ResTime" : 4681.700000000003,
    "pct2ResTime" : 6653.600000000002,
    "pct3ResTime" : 12161.460000000001,
    "throughput" : 5.596158796602012,
    "receivedKBytesPerSec" : 193.78833368775673,
    "sentKBytesPerSec" : 0.6339398636775717
  },
  "FAQs" : {
    "transaction" : "FAQs",
    "sampleCount" : 1500,
    "errorCount" : 0,
    "errorPct" : 0.0,
    "meanResTime" : 2296.4766666666637,
    "medianResTime" : 1190.0,
    "minResTime" : 41.0,
    "maxResTime" : 80611.0,
    "pct1ResTime" : 5039.100000000002,
    "pct2ResTime" : 6768.150000000001,
    "pct3ResTime" : 14419.440000000006,
    "throughput" : 5.6014459199067925,
    "receivedKBytesPerSec" : 228.7545689710704,
    "sentKBytesPerSec" : 0.6290686335832822
  },
  "Examples" : {
    "transaction" : "Examples",
    "sampleCount" : 1500,
    "errorCount" : 0,
    "errorPct" : 0.0,
    "meanResTime" : 2890.3753333333348,
    "medianResTime" : 1945.0,
    "minResTime" : 41.0,
    "maxResTime" : 69393.0,
    "pct1ResTime" : 5582.4000000000015,
    "pct2ResTime" : 8045.050000000001,
    "pct3ResTime" : 15685.610000000002,
    "throughput" : 5.582662483391579,
    "receivedKBytesPerSec" : 227.98760544253764,
    "sentKBytesPerSec" : 0.6269591656152652
  }
}